"othyl,0.00000000151157"
"otium,0.0000000509094"
"ottar,0.00000000485498"
"otter,0.00000103722"
"ottos,0.00000000364192"
"oubit,0.000000000716586"
"ouche,0.00000000262874"
"oucht,0.00000000245258"
"oueds,0.00000000229568"
"ouens,0.00000000346036"
"ought,0.0000589624"
"ouija,0.0000000255179"
"oulks,0.00000000030245"
"oumas,0.000000000393642"
"ounce,0.00000585696"
"oundy,0.000000000347504"
"oupas,0.000000000254685"
"ouped,0.00000000164407"
"ouphe,0.00000000070687"
"ouphs,0.000000000556186"
"ourey,0.000000000160982"
"ourie,0.00000000156624"
"ousel,0.0000000126954"
"ousia,0.0000000694237"
"ousts,0.0000000352825"
"outby,0.0000000319585"
"outdo,0.000000324666"
"outed,0.0000000626149"
"outen,0.0000000478623"
"outer,0.0000296506"
"outgo,0.000000210676"
"outie,0.00000000360313"
"outre,0.0000000939764"
"outro,0.0000000266981"
"outta,0.000000365224"
"ouzel,0.0000000235031"
"ouzos,0.00000000100259"
"ovals,0.000000250537"
"ovary,0.00000315674"
"ovate,0.00000247051"
"ovels,0.00000000267643"
"ovens,0.00000202984"
"overs,0.000000524813"
"overt,0.00000364643"
"ovine,0.000000213803"
"ovism,0.00000000112156"
"ovist,0.00000000185787"
"ovoid,0.000000985934"
"ovoli,0.00000000117954"
"ovolo,0.0000000347969"
"ovule,0.000000359638"
"oware,0.00000000121323"
"owari,0.00000000152049"
"owche,0.000000000745784"
"owers,0.000000107917"
"owies,0.00000000126693"
"owing,0.0000243307"
"owled,0.00000000149401"
"owler,0.00000000652142"
"owlet,0.0000000323418"
"owned,0.0000448793"
"owner,0.0000546561"
"ownio,0.000000000551729"
"owres,0.0000000012674"
"owrie,0.000000000850024"
"owsen,0.00000000273112"
"oxbow,0.0000000639334"
"oxeas,0.0000000126835"
"oxers,0.00000000161669"
"oxeye,0.0000000108099"
"oxide,0.0000165201"
"oxids,0.0000000216417"
"oxies,0.000000000448811"
"oxime,0.000000223184"
"oxims,0.000000000333984"
"oxine,0.0000000515149"
"oxlip,0.00000000623389"
"oxman,0.0000000004978"
"oxmen,0.000000000860223"
"oxter,0.00000000580461"
"oyama,0.00000000201933"
"oyers,0.0000000065159"
"ozeki,0.00000000161989"
"ozena,0.0000000207736"
"ozone,0.00000430974"
"ozzie,0.00000000345341"
"paaho,0.000000000294316"
"paals,0.00000000072828"
"paans,0.00000000233855"
"pacai,0.000000000370738"
"pacas,0.00000000659415"
"pacay,0.000000000890027"
"paced,0.00000209345"
"pacer,0.0000000791288"
"paces,0.00000209506"
"pacey,0.0000000033278"
"pacha,0.0000000678145"
"packs,0.00000251893"
"packy,0.00000000080978"
"pacos,0.00000000614999"
"pacta,0.0000000484785"
"pacts,0.000000409499"
"padam,0.0000000140737"
"padas,0.0000000308358"
"paddo,0.000000000518365"
"paddy,0.00000174799"
"padis,0.00000000214578"
"padle,0.000000000679952"
"padma,0.000000025901"
"padou,0.000000000143649"
"padre,0.000000343826"
"padri,0.0000000113225"
"paean,0.000000180838"
"paedo,0.00000000442242"
"paeon,0.00000000893815"
"pagan,0.00000336235"
"paged,0.000000281735"
"pager,0.000000208251"
"pages,0.0000517428"
"pagle,0.000000000283202"
"pagne,0.0000000167825"
"pagod,0.00000000591323"
"pagri,0.00000000754734"
"pahit,0.00000000188468"
"pahos,0.00000000497867"
"pahus,0.000000000436851"
"paiks,0.00000000791953"
"pails,0.000000627753"
"pains,0.00000964571"
"paint,0.0000159503"
"paipe,0.000000000345381"
"paips,0.000000000369734"
"paire,0.000000089803"
"pairs,0.0000166973"
"paisa,0.0000000537275"
"paise,0.00000019326"
"pakay,0.000000000807472"
"pakka,0.0000000124685"
"pakki,0.00000000211931"
"pakua,0.00000000123078"
"pakul,0.000000000590226"
"palak,0.00000000566675"
"palar,0.00000000301"
"palas,0.0000000197984"
"palay,0.0000000651204"
"palea,0.000000130323"
"paled,0.000000467431"
"paler,0.00000180332"
"pales,0.000000257882"
"palet,0.0000000275264"
"palis,0.00000000560428"
"palki,0.00000000960205"
"palla,0.0000000255579"
"palls,0.0000000757567"
"pallu,0.00000000679547"
"pally,0.000000047243"
"palms,0.00000422095"
"palmy,0.000000142467"
"palpi,0.000000693946"
"palps,0.000000129521"
"palsa,0.00000000840566"
"palsy,0.0000014705"
"palus,0.000000013803"
"pamby,0.0000000417588"
"pampa,0.0000000649347"
"panax,0.00000000532711"
"pance,0.00000000250719"
"panch,0.0000000223133"
"panda,0.000000162739"
"pands,0.00000000578688"
"pandy,0.0000000032442"
"paned,0.0000000853894"
"panel,0.0000218726"
"panes,0.000000924501"
"panga,0.0000000240445"
"pangs,0.000000938458"
"panic,0.00000738343"
"panim,0.00000000762194"
"panir,0.00000000224967"
"panko,0.0000000296935"
"panks,0.000000000907916"
"panna,0.0000000261059"
"panne,0.0000000283704"
"panni,0.0000000136513"
"panny,0.00000000272916"
"pansy,0.000000143024"
"panto,0.0000000262718"
"pants,0.00000483186"
"panty,0.000000118392"
"paoli,0.00000000419211"
"paolo,0.00000000689196"
"papad,0.00000000689565"
"papal,0.00000274691"
"papas,0.0000000485891"
"papaw,0.0000000362147"
"paper,0.000148149"
"papes,0.00000000955387"
"papey,0.000000000208989"
"pappi,0.0000000124332"
"pappy,0.0000000506818"
"papri,0.00000000138346"
"parae,0.00000000386609"
"paras,0.00000142967"
"parch,0.0000000504427"
"parcs,0.00000000669454"
"pardi,0.00000000334455"
"pards,0.0000000149482"
"pardy,0.0000000480933"
"pared,0.000000883757"
"paren,0.0000000424472"
"pareo,0.00000000459224"
"parer,0.0000000184114"
"pares,0.000000151811"
"pareu,0.00000000691102"
"parev,0.000000000583169"
"parge,0.0000000024923"
"pargo,0.00000000370057"
"parid,0.00000000110092"
"paris,0.000000300438"
"parka,0.000000206408"
"parki,0.00000000493164"
"parks,0.00000856289"
"parky,0.00000000345738"
"parle,0.000000139545"
"parly,0.000000101779"
"parma,0.0000000195778"
"parmo,0.000000000326075"
"parms,0.00000000549976"
"parol,0.00000180136"
"parps,0.000000000490573"
"parra,0.00000000769677"
"parrs,0.0000000143497"
"parry,0.000000312227"
"parse,0.000000388086"
"parte,0.00000470505"
"parti,0.000000536913"
"parts,0.000134899"
"party,0.00015321"
"parve,0.00000000842701"
"parvo,0.0000000555924"
"pasag,0.000000000209176"
"pasar,0.0000000373983"
"pasch,0.00000000801666"
"paseo,0.0000000248603"
"pases,0.0000000249018"
"pasha,0.00000019941"
"pashm,0.00000000428129"
"paska,0.00000000174311"
"pasmo,0.00000000587387"
"paspy,0.000000000218394"
"passe,0.000000596159"
"passu,0.000000275091"
"pasta,0.00000154725"
"paste,0.00000544541"
"pasts,0.000000258477"
"pasty,0.000000408849"
"patas,0.0000000337007"
"patch,0.00000716462"
"pated,0.000000124681"
"patee,0.00000000724153"
"patel,0.0000000199684"
"paten,0.000000116391"
"pater,0.000000284421"
"pates,0.0000000712418"
"paths,0.0000109014"
"patia,0.00000000316851"
"patin,0.00000000449277"
"patio,0.00000138376"
"patka,0.00000000319613"
"patly,0.0000000052291"
"patsy,0.0000000488844"
"patta,0.0000000565994"
"patte,0.000000016599"
"pattu,0.0000000110592"
"patty,0.00000015068"
"patus,0.00000000131145"
"pauas,0.00000000045933"
"pauls,0.0000000141309"
"pause,0.00000889583"
"pauxi,0.000000000867337"
"pavan,0.0000000158151"
"pavas,0.000000000646851"
"paved,0.00000405065"
"paven,0.00000000932911"
"paver,0.000000102892"
"paves,0.000000200779"
"pavid,0.00000000277628"
"pavie,0.000000000529626"
"pavin,0.00000000817645"
"pavis,0.00000000227827"
"pavon,0.00000000151885"
"pavvy,0.000000000145477"
"pawas,0.000000000588457"
"pawaw,0.000000000340415"
"pawed,0.000000165286"
"pawer,0.00000000366175"
"pawks,0.00000000016955"
"pawky,0.000000016783"
"pawls,0.000000170193"
"pawns,0.000000369411"
"paxes,0.00000000391315"
"payed,0.000000184276"
"payee,0.00000212006"
"payer,0.00000105338"
"payor,0.000000687096"
"paysd,0.000000000280115"
"peace,0.0000747974"
"peach,0.00000289614"
"peage,0.0000000037307"
"peags,0.000000000167718"
"peake,0.0000000164386"
"peaks,0.0000084745"
"peaky,0.0000000270347"
"peals,0.000000349774"
"peans,0.0000000196581"
"peare,0.000000025185"
"pearl,0.00000294244"
"pears,0.00000217064"
"peart,0.0000000159682"
"pease,0.000000213579"
"peasy,0.0000000141258"
"peats,0.000000194234"
"peaty,0.000000277853"
"peavy,0.00000000352593"
"peaze,0.00000000149594"
"pebas,Missing[NotAvailable]"
"pecan,0.000000540572"
"pechs,0.000000000454992"
"pecia,0.00000000977044"
"pecke,0.00000000405811"
"pecks,0.000000212895"
"pecky,0.00000000772117"
"pects,0.0000000924241"
"pedal,0.0000018738"
"pedes,0.0000000855044"
"pedis,0.000000148601"
"pedon,0.0000000842902"
"pedos,0.00000000085495"
"pedro,0.0000000170038"
"peece,0.000000113065"
"peeks,0.000000104469"
"peeky,0.00000000120988"
"peels,0.000000322695"
"peely,0.00000000149466"
"peens,0.00000000200444"
"peent,0.00000000294576"
"peeoy,Missing[NotAvailable]"
"peepe,0.00000000551559"
"peeps,0.000000181419"
"peepy,0.00000000103475"
"peers,0.00000649609"
"peery,0.00000000149757"
"peeve,0.0000000316682"
"peevo,0.000000000187808"
"peggy,0.0000000115954"
"peghs,Missing[NotAvailable]"
"pegma,0.0000000035483"
"pegos,0.000000000298233"
"peine,0.000000106192"
"peins,0.00000000180224"
"peise,0.00000000292655"
"peisy,Missing[NotAvailable]"
"peize,0.00000000161243"
"pekan,0.00000000317568"
"pekau,0.000000000241962"
"pekea,0.000000000297199"
"pekes,0.00000000104475"
"pekid,0.000000000184037"
"pekin,0.00000000398086"
"pekoe,0.0000000129087"
"pelas,0.0000000100261"
"pelau,0.00000000136414"
"pelch,0.000000000285396"
"peles,0.00000000296219"
"pelfs,0.000000000262124"
"pells,0.00000000746439"
"pelma,0.000000000918224"
"pelog,0.0000000162856"
"pelon,0.00000000132232"
"pelsh,Missing[NotAvailable]"
"pelta,0.0000000141153"
"pelts,0.000000530197"
"pelus,0.000000000346118"
"penal,0.00000483315"
"pence,0.0000022892"
"pends,0.0000000756337"
"pendu,0.0000000112997"
"pened,0.000000142161"
"penes,0.0000000706466"
"pengo,0.000000017188"
"penie,0.00000000624916"
"penis,0.00000297447"
"penks,0.000000000220314"
"penna,0.0000000230842"
"penne,0.0000000627864"
"penni,0.00000000778626"
"penny,0.00000475966"
"pense,0.000000221145"
"pensy,0.000000000596747"
"pents,0.00000000681766"
"peola,0.000000000235296"
"peons,0.000000213181"
"peony,0.000000182908"
"pepla,0.00000000102257"
"peple,0.0000000729901"
"pepon,0.000000000718384"
"pepos,0.00000000106995"
"peppy,0.0000000435098"
"pepsi,0.00000000457579"
"pequi,0.0000000014153"
"perae,0.000000000372579"
"perai,0.00000000149797"
"perce,0.0000000489167"
"perch,0.00000215947"
"percs,0.0000000756356"
"perdu,0.000000120341"
"perdy,0.00000000606209"
"perea,0.000000000531359"
"peres,0.0000000276368"
"perfs,0.0000000200863"
"peril,0.00000437512"
"peris,0.0000000176945"
"perks,0.000000314515"
"perky,0.000000166532"
"perle,0.0000000280966"
"perls,0.00000000220859"
"perms,0.0000000302153"
"permy,0.000000000823135"
"perne,0.0000000022554"
"perns,0.00000000461642"
"perog,0.000000000176766"
"perps,0.0000000224323"
"perry,0.0000000936481"
"perse,0.000000219817"
"persp,0.00000000506008"
"perst,0.00000000365985"
"perts,0.0000000376299"
"perve,0.00000000403995"
"pervo,0.000000000946769"
"pervs,0.00000000448321"
"pervy,0.00000000920431"
"pesch,0.000000000370912"
"pesky,0.000000175041"
"pesos,0.00000227835"
"pesta,0.00000000412532"
"pesto,0.000000141524"
"pests,0.00000405808"
"pesty,0.00000000599545"
"petal,0.000000743285"
"petar,0.00000000370333"
"peter,0.000000278591"
"petit,0.00000112201"
"petos,0.00000000137206"
"petre,0.0000000378886"
"petri,0.000000293507"
"petti,0.000000010206"
"petto,0.0000000335103"
"petty,0.00000607121"
"pewed,0.00000000860012"
"pewee,0.0000000245046"
"pewit,0.0000000045774"
"peyse,0.000000000635551"
"pfftt,0.000000000298995"
"phage,0.00000130842"
"phang,0.00000000212923"
"phare,0.00000000585193"
"pharm,0.0000000853632"
"phase,0.0000683086"
"phasm,0.000000000549058"
"pheer,NA"
"pheme,0.00000000374529"
"phene,0.00000000834805"
"pheon,0.00000000391701"
"phese,0.00000000235241"
"phial,0.000000244009"
"phies,0.0000000143171"
"phish,0.00000000380165"
"phizz,0.00000000096854"
"phlox,0.000000112336"
"phobe,0.00000000718359"
"phoca,0.00000000722936"
"phone,0.0000288172"
"phono,0.000000112672"
"phons,0.0000000214421"
"phony,0.000000621463"
"phooh,0.000000000251299"
"phooo,0.00000000017475"
"phota,0.000000000786072"
"photo,0.000011438"
"phots,0.00000000375561"
"photy,0.000000000285692"
"phpht,Missing[NotAvailable]"
"phubs,Missing[NotAvailable]"
"phuts,0.000000000362561"
"phutu,0.000000000384227"
"phwat,0.00000000413086"
"phyla,0.000000191931"
"phyle,0.0000000112986"
"phyma,0.00000000126705"
"phynx,0.000000000154276"
"physa,0.00000000444856"
"piais,0.000000000370077"
"piani,0.00000000823396"
"piano,0.00000971656"
"pians,0.0000000182776"
"pibal,0.00000000609323"
"pical,0.0000000242872"
"picas,0.000000102003"
"piccy,0.000000000466934"
"picey,0.000000000154044"
"pichi,0.00000000397399"
"picks,0.00000289153"
"picky,0.000000163131"
"picon,0.00000000165519"
"picot,0.0000000287768"
"picra,0.00000000234206"
"picul,0.000000130498"
"piece,0.000056883"
"pieds,0.0000000853966"
"piend,0.000000000894504"
"piers,0.00000337019"
"piert,0.00000000282661"
"pieta,0.0000000206417"
"piets,0.000000000601952"
"piety,0.00000496714"
"piezo,0.000000178163"
"piggy,0.00000019164"
"pight,0.0000000154001"
"pigly,0.000000000292025"
"pigmy,0.000000150123"
"piing,0.000000000672488"
"pikas,0.0000000229122"
"pikau,0.000000000573064"
"piked,0.0000000216786"
"pikel,0.000000000627282"
"piker,0.0000000204484"
"pikes,0.00000041657"
"pikey,0.00000000229433"
"pikis,0.000000000737149"
"pikul,0.0000000154104"
"pilae,0.0000000100306"
"pilaf,0.0000000412699"
"pilao,0.00000000119825"
"pilar,0.0000000126285"
"pilau,0.000000015961"
"pilaw,0.00000000218853"
"pilch,0.0000000146824"
"pilea,0.00000000181737"
"piled,0.00000373545"
"pilei,0.000000017641"
"piler,0.000000023399"
"piles,0.00000540987"
"piley,0.000000000318458"
"pilin,0.0000000271618"
"pilis,0.0000000439814"
"pills,0.0000027765"
"pilon,0.0000000124692"
"pilot,0.0000183943"
"pilow,0.000000000897111"
"pilum,0.0000000211634"
"pilus,0.000000060033"
"pimas,0.000000000374243"
"pimps,0.00000020262"
"pinas,0.00000000247705"
"pinax,0.00000000563113"
"pince,0.000000100697"
"pinch,0.0000027035"
"pinda,0.0000000140943"
"pinds,0.000000000652124"
"pined,0.000000228917"
"piner,0.00000000161916"
"pines,0.00000274526"
"piney,0.0000000609479"
"pinga,0.0000000047169"
"pinge,0.00000000417587"
"pingo,0.0000000192125"
"pings,0.0000000787827"
"pinko,0.0000000132907"
"pinks,0.000000357594"
"pinky,0.000000135559"
"pinna,0.000000234617"
"pinny,0.000000013116"
"pinol,0.00000000319074"
"pinon,0.0000000630439"
"pinot,0.0000000600799"
"pinta,0.0000000252904"
"pinto,0.00000015141"
"pints,0.00000111101"
"pinup,0.0000000294994"
"pions,0.000000347547"
"piony,0.00000000220662"
"pious,0.00000551093"
"pioye,0.000000000218791"
"pioys,0.0000000001299"
"pipal,0.000000033167"
"pipas,0.00000000208223"
"piped,0.00000115659"
"piper,0.000000349814"
"pipes,0.0000121187"
"pipet,0.00000022481"
"pipid,0.00000000193641"
"pipis,0.0000000034568"
"pipit,0.0000000361583"
"pippy,0.00000000125406"
"pipul,0.0000000021281"
"pique,0.000000399427"
"piqui,0.00000000188282"
"pirai,0.00000000125417"
"pirks,0.000000000353165"
"pirls,0.0000000010578"
"pirns,0.0000000122932"
"pirog,0.00000000157263"
"pirre,0.000000000394872"
"pirri,0.00000000238659"
"pirrs,0.000000000161593"
"pisco,0.0000000199707"
"pises,0.00000000166001"
"pisky,0.00000000189481"
"pisos,0.00000000485053"
"pissy,0.0000000362859"
"piste,0.0000000389305"
"pitas,0.0000000133428"
"pitch,0.0000126613"
"piths,0.00000000633739"
"pithy,0.000000397294"
"piton,0.0000000293134"
"pitot,0.000000186923"
"pitso,0.000000003954"
"pitsu,0.000000000235466"
"pitta,0.000000064645"
"pittu,0.00000000110391"
"piuma,0.00000000123334"
"piums,0.0000000013682"
"pivos,0.00000000042072"
"pivot,0.00000256328"
"pixel,0.00000247258"
"pixes,0.00000000249219"
"pixie,0.000000106483"
"piyut,0.00000000237285"
"pized,0.000000000265986"
"pizer,0.00000000043265"
"pizes,0.000000000300149"
"pizza,0.00000188687"
"plaas,0.000000014072"
"place,0.000363655"
"plack,0.0000000131412"
"plaga,0.0000000186644"
"plage,0.0000000595386"
"plaid,0.00000065576"
"plaig,0.000000000878699"
"plain,0.0000365114"
"plait,0.00000029303"
"planc,0.00000000666764"
"plane,0.0000396801"
"planh,0.00000000261617"
"plank,0.00000269445"
"plans,0.0000709872"
"plant,0.000117389"
"plaps,0.000000000448423"
"plash,0.0000000721439"
"plasm,0.000000298841"
"plast,0.0000000444259"
"plate,0.00004664"
"plats,0.00000103747"
"platt,0.0000000213134"
"platy,0.000000249717"
"plaud,0.00000000341616"
"plaur,0.000000000494107"
"plavs,0.0000000173073"
"playa,0.000000173022"
"plays,0.0000252916"
"plaza,0.00000128742"
"plead,0.00000482151"
"pleas,0.00000364938"
"pleat,0.0000000997462"
"plebe,0.0000000512861"
"plebs,0.000000168344"
"pleck,0.000000000752849"
"pleep,0.000000000554287"
"plein,0.00000011033"
"plena,0.000000105736"
"plene,0.000000044007"
"pleno,0.0000000431531"
"pleon,0.000000038264"
"plesh,0.000000000431925"
"plets,0.00000000369724"
"plews,0.00000000283341"
"plexi,0.0000000197385"
"plica,0.0000000803596"
"plied,0.00000103729"
"plier,0.0000000455819"
"plies,0.000000708579"
"pligs,0.000000000169941"
"plims,0.000000000383197"
"pling,0.0000000502664"
"plink,0.000000018833"
"plips,0.000000000326233"
"plish,0.000000041473"
"ploat,0.000000000327974"
"ploce,0.0000000184065"
"plock,0.00000000276703"
"plods,0.0000000542488"
"ploit,0.00000000567666"
"plomb,0.0000000193961"
"plong,0.00000000175161"
"plonk,0.0000000283992"
"plook,0.000000000564526"
"ploot,0.00000000060816"
"plops,0.0000000382174"
"plore,0.0000000187091"
"plots,0.0000110641"
"plotz,0.00000000184796"
"plouk,0.000000000208833"
"plout,0.000000000509426"
"plows,0.000000774422"
"plowt,0.000000000140262"
"ploye,0.0000000108721"
"ploys,0.000000121917"
"pluck,0.0000014472"
"pluds,0.000000000147001"
"plues,0.000000000524431"
"pluff,0.00000000262148"
"plugs,0.00000219803"
"pluke,0.000000000428322"
"plumb,0.000000747958"
"plume,0.00000201782"
"plump,0.00000172135"
"plums,0.00000132825"
"plumy,0.0000000307529"
"plung,0.00000000738597"
"plunk,0.0000000570964"
"pluot,0.000000000868034"
"plups,0.000000000272078"
"plush,0.000000780544"
"plute,0.00000000442002"
"pluto,0.0000000154488"
"pluty,0.00000000016728"
"plyer,0.00000000131781"
"pneus,0.00000000320264"
"poach,0.000000106332"
"poaka,0.00000000112992"
"poake,0.000000000559483"
"poalo,0.000000000191175"
"pobby,0.000000000345466"
"poboy,0.000000000551382"
"pocan,0.000000000667393"
"poche,0.0000000241175"
"pocho,0.0000000057443"
"pocks,0.0000000354299"
"pocky,0.00000000665097"
"podal,0.00000000415832"
"poddy,0.0000000040358"
"podex,0.00000000252198"
"podge,0.0000000891259"
"podgy,0.0000000294311"
"podia,0.000000033542"
"podos,0.0000000033554"
"podus,0.000000000726812"
"poems,0.0000162193"
"poena,0.0000000783736"
"poeps,0.000000000095175"
"poesy,0.000000224468"
"poete,0.0000000470688"
"poets,0.0000106608"
"pogey,0.00000000202785"
"pogge,0.00000000087668"
"poggy,0.000000000446474"
"pogos,0.00000000117704"
"pogue,0.0000000022779"
"pohed,0.000000000161695"
"poilu,0.000000021636"
"poind,0.0000000102546"
"point,0.00030763"
"poire,0.00000000972457"
"poise,0.000000943733"
"pokal,0.00000000119203"
"poked,0.00000119467"
"poker,0.00000151348"
"pokes,0.000000206548"
"pokey,0.0000000403163"
"pokie,0.0000000019313"
"pokit,0.000000000386033"
"polar,0.00000716432"
"poled,0.000000136557"
"poler,0.00000000366601"
"poles,0.00000903358"
"poley,0.0000000052028"
"polio,0.000000864228"
"polis,0.000000527534"
"polje,0.0000000121345"
"polka,0.00000028868"
"polks,0.000000000986994"
"pollo,0.0000000275166"
"polls,0.00000352412"
"polly,0.0000000225949"
"polos,0.0000000296144"
"polts,0.00000000180479"
"polyp,0.000000418666"
"polys,0.0000000245065"
"pomas,0.000000000847511"
"pombe,0.00000011265"
"pomes,0.0000000117743"
"pomme,0.0000000266544"
"pommy,0.00000000308543"
"pomos,0.000000000738034"
"pompa,0.0000000168735"
"pomps,0.0000000969442"
"ponce,0.0000000186837"
"poncy,0.00000000480996"
"ponds,0.00000445649"
"pondy,0.0000000008594"
"pones,0.0000000107516"
"poney,0.0000000175363"
"ponga,0.00000000822295"
"pongo,0.0000000119317"
"pongs,0.00000000383285"
"pongy,0.00000000161639"
"ponks,0.000000000211585"
"ponor,0.00000000269728"
"ponto,0.0000000275408"
"ponts,0.0000000243033"
"ponty,0.00000000234433"
"ponzu,0.00000000742264"
"pooay,0.000000000530063"
"pooch,0.0000000527237"
"poods,0.000000179664"
"pooed,0.00000000335684"
"pooey,0.00000000128527"
"poofs,0.00000000676696"
"poofy,0.00000000987886"
"poohs,0.00000000965524"
"poohy,0.000000000209917"
"pooja,0.0000000215397"
"pooka,0.00000000760808"
"pooks,0.00000000218103"
"pools,0.00000587855"
"pooly,0.00000000121824"
"poons,0.00000000393411"
"poopa,0.00000000030525"
"poops,0.0000000215041"
"poopy,0.00000000885223"
"poori,0.00000000390009"
"poort,0.0000000128102"
"poots,0.00000000327235"
"pooty,0.0000000141952"
"poove,0.000000000573183"
"poovy,0.000000000121728"
"popes,0.000000931809"
"popia,0.000000000623135"
"popos,0.000000000834026"
"poppa,0.0000000237148"
"poppy,0.000000913885"
"popsy,0.00000000266089"
"popup,0.0000000887799"
"porae,0.000000000336192"
"poral,0.0000000402241"
"porch,0.00000605406"
"pored,0.000000208346"
"porer,0.00000000273156"
"pores,0.00000385877"
"porey,0.000000000238194"
"porge,0.00000000181876"
"porgy,0.0000000266025"
"porin,0.0000000362299"
"porks,0.00000000525713"
"porky,0.0000000152189"
"porno,0.000000111049"
"porns,0.000000000806323"
"porny,0.00000000178724"
"porta,0.000000293965"
"porte,0.000000264801"
"porth,0.0000000050572"
"ports,0.0000183823"
"porty,0.00000000902345"
"porus,0.0000000253589"
"posca,0.00000000230267"
"posed,0.00000757353"
"poser,0.0000000960888"
"poses,0.00000394314"
"poset,0.0000000754626"
"posey,0.00000000708882"
"posho,0.00000000811563"
"posit,0.000000796253"
"posol,0.0000000023728"
"posse,0.000000680661"
"poste,0.000000109091"
"posts,0.0000130826"
"potae,0.00000000106918"
"potai,0.000000000543673"
"potch,0.0000000481722"
"poted,0.0000000013912"
"potes,0.0000000300902"
"potin,0.00000000662458"
"potoo,0.0000000020403"
"potro,0.00000000367963"
"potsy,0.00000000150758"
"potto,0.0000000129588"
"potts,0.0000000235245"
"potty,0.000000186754"
"pouce,0.00000000947433"
"pouch,0.00000217396"
"pouff,0.0000000018255"
"poufs,0.00000000517223"
"poufy,0.00000000654976"
"pouis,0.000000000490316"
"pouke,0.000000000854802"
"pouks,0.000000000112205"
"poule,0.000000018345"
"poulp,0.00000000251356"
"poult,0.0000000482089"
"pound,0.0000220267"
"poupe,0.00000000171026"
"poupt,Missing[NotAvailable]"
"pours,0.00000127081"
"pousy,0.000000000103086"
"pouts,0.000000050196"
"pouty,0.0000000566368"
"povos,0.00000000512454"
"powan,0.0000000023856"
"power,0.00033361"
"powie,0.000000000878465"
"powin,0.000000000391205"
"powis,0.00000000152803"
"powlt,0.000000000222892"
"pownd,0.00000000699824"
"powns,0.000000000302601"
"powny,0.00000000237629"
"powre,0.0000000584691"
"powsy,Missing[NotAvailable]"
"poxed,0.00000000594675"
"poxes,0.00000000439702"
"poyas,0.000000000636237"
"poynt,0.0000000545659"
"poyou,0.000000000306189"
"poyse,0.00000000144174"
"pozzy,0.000000000612171"
"praam,0.00000000378911"
"prads,0.00000000124328"
"prags,0.000000000203292"
"prahu,0.0000000181212"
"prams,0.0000000526116"
"prana,0.000000109584"
"prang,0.0000000141388"
"prank,0.000000317714"
"praos,0.00000000146749"
"praps,0.00000000733476"
"prase,0.00000000869698"
"prate,0.000000156417"
"prats,0.00000000503352"
"pratt,0.0000000103341"
"praty,0.00000000701052"
"praus,0.0000000131028"
"prawn,0.000000336026"
"prays,0.00000159529"
"preak,0.0000000016957"
"predy,0.000000000380914"
"preed,0.00000000410082"
"preem,0.00000000302521"
"preen,0.0000000833594"
"prees,0.00000000783534"
"preif,0.0000000035776"
"preke,0.000000000466698"
"prems,0.0000000575505"
"premy,0.000000000325533"
"prent,0.0000000151735"
"preon,0.00000000872241"
"preop,0.0000000208557"
"preps,0.0000000486891"
"presa,0.0000000218633"
"prese,0.000000066189"
"press,0.0000523922"
"prest,0.000000193422"
"preta,0.0000000221161"
"preux,0.0000000167993"
"preve,0.0000000188152"
"prexy,0.0000000113444"
"preys,0.000000184693"
"prial,0.0000000009411"
"prian,0.00000000221471"
"price,0.000140306"
"prick,0.0000010947"
"pricy,0.000000010424"
"pride,0.0000198468"
"pridy,0.000000000181433"
"pried,0.000000335677"
"prief,0.00000000934796"
"prier,0.0000000288495"
"pries,0.0000000661504"
"prigs,0.0000000359471"
"prill,0.0000000146683"
"prima,0.00000511039"
"prime,0.0000185931"
"primi,0.000000117944"
"primo,0.000000322911"
"primp,0.0000000150039"
"prims,0.0000000115622"
"primy,0.00000000288611"
"pring,0.0000000501728"
"prink,0.00000000677906"
"print,0.0000226791"
"prion,0.000000205946"
"prior,0.0000852199"
"prise,0.000000347025"
"prism,0.00000268255"
"priss,0.0000000041784"
"prius,0.000000262503"
"privy,0.00000224378"
"prize,0.0000121879"
"proal,0.00000000295788"
"proas,0.0000000215786"
"probe,0.00000809461"
"probs,0.0000000116304"
"proby,0.00000000933549"
"prodd,0.00000000120586"
"prods,0.00000016582"
"proem,0.0000000794575"
"profs,0.0000000389168"
"progs,0.0000000191215"
"proin,0.0000000657835"
"proke,0.00000000109319"
"prole,0.0000000434703"
"proll,0.00000000163116"
"promo,0.000000162891"
"proms,0.0000000328239"
"prone,0.00000578683"
"prong,0.000000667351"
"pronk,0.00000000185687"
"proof,0.0000490146"
"prook,0.000000000445439"
"proot,0.0000000142724"
"props,0.00000143756"
"prora,0.00000000549263"
"prore,0.00000000854823"
"prose,0.00000857946"
"proso,0.0000000352494"
"pross,0.000000010981"
"prost,0.0000000104454"
"prosy,0.0000001016"
"proto,0.00000105228"
"proud,0.0000189688"
"proul,0.0000000011508"
"prove,0.0000508174"
"prowk,0.0000000000975691"
"prowl,0.000000285168"
"prows,0.0000000973711"
"proxy,0.00000372468"
"proyn,0.000000000158784"
"prude,0.000000119459"
"prune,0.000000780517"
"pruno,0.00000000237492"
"prunt,0.00000000107989"
"pruny,0.00000000217794"
"pruta,0.00000000246178"
"pryan,0.000000000226962"
"pryer,0.00000000161419"
"pryse,0.00000000610796"
"psalm,0.00000122714"
"pseud,0.00000055198"
"pshaw,0.00000004165"
"pshut,0.00000000013133"
"psias,0.000000000093682"
"psion,0.00000000316615"
"psoae,0.00000000126761"
"psoai,0.000000000143558"
"psoas,0.000000213128"
"psora,0.0000000190671"
"psych,0.000000188401"
"psyop,0.00000000206816"
"ptish,0.000000000191213"
"ptype,0.0000000200737"
"pubby,0.00000000543527"
"pubco,0.000000000999332"
"pubes,0.000000192774"
"pubic,0.00000087037"
"pubis,0.000000550863"
"pubsy,Missing[NotAvailable]"
"pucan,0.000000000352971"
"pucer,0.000000000143004"
"puces,0.00000000591153"
"pucka,0.0000000122511"
"pucks,0.0000000340768"
"puddy,0.00000000227869"
"pudge,0.00000000427036"
"pudgy,0.000000184707"
"pudic,0.0000000360342"
"pudor,0.0000000297538"
"pudsy,0.000000000176561"
"pudus,0.00000000105323"
"puers,0.000000000658263"
"puffa,0.00000000235649"
"puffs,0.000000756169"
"puffy,0.000000490139"
"puggy,0.00000000415166"
"pugil,0.0000000051914"
"puhas,0.000000000266521"
"pujah,0.00000000154775"
"pujas,0.000000022874"
"pukas,0.000000000723743"
"puked,0.0000000486074"
"puker,0.00000000128525"
"pukes,0.0000000137477"
"pukey,0.00000000474557"
"pukka,0.0000000295249"
"pukus,0.000000000301781"
"pulao,0.00000000601356"
"pulas,0.00000000139395"
"puled,0.00000000398987"
"puler,0.00000000335308"
"pules,0.00000000586687"
"pulik,0.000000000407366"
"pulis,0.00000000222586"
"pulka,0.00000000229795"
"pulks,0.00000000190648"
"pulli,0.0000000094774"
"pulls,0.00000325191"
"pully,0.0000000207672"
"pulmo,0.0000000168934"
"pulps,0.00000058544"
"pulpy,0.000000244371"
"pulse,0.0000179272"
"pulus,0.00000000127655"
"pulut,0.0000000022406"
"pumas,0.00000004105"
"pumie,0.000000000339474"
"pumps,0.00000838428"
"pumpy,0.00000000252538"
"punas,0.00000000497098"
"punce,0.000000000762358"
"punch,0.00000461766"
"punga,0.00000000410395"
"pungi,0.00000000260025"
"pungo,0.00000000152939"
"pungs,0.00000000365497"
"pungy,0.00000000261265"
"punim,0.00000000143439"
"punji,0.00000000801026"
"punka,0.00000000437361"
"punks,0.000000156251"
"punky,0.000000025157"
"punny,0.00000000362589"
"punto,0.0000000903611"
"punts,0.0000000830222"
"punty,0.0000000103472"
"pupae,0.00000083544"
"pupal,0.000000515804"
"pupas,0.00000000472852"
"pupil,0.0000135996"
"puppa,0.00000000191423"
"puppy,0.0000016699"
"pupus,0.00000000321238"
"purao,0.00000000106111"
"purau,0.0000000024897"
"purda,0.00000000315864"
"purdy,0.00000000731641"
"pured,0.00000000351788"
"puree,0.000000381446"
"purer,0.00000127346"
"pures,0.0000000212747"
"purga,0.00000000989623"
"purge,0.00000173708"
"purin,0.0000000464935"
"puris,0.0000000228713"
"purls,0.0000000120215"
"puros,0.00000000928531"
"purps,0.00000000211426"
"purpy,0.000000000313943"
"purre,0.00000000156907"
"purrs,0.0000000572652"
"purry,0.00000000200161"
"purse,0.0000055456"
"pursy,0.0000000209559"
"purty,0.000000104111"
"puses,0.00000000614388"
"pushy,0.000000197991"
"pusle,0.000000000878163"
"pussy,0.00000131503"
"putas,0.0000000147977"
"puter,0.000000120964"
"putid,0.00000000129538"
"putin,0.000000015975"
"puton,0.00000000579346"
"putos,0.000000001386"
"putti,0.0000000820148"
"putto,0.0000000347828"
"putts,0.000000080308"
"puttu,0.00000000164148"
"putty,0.00000058703"
"putza,0.00000000011575"
"puuko,0.00000000031696"
"puyas,0.000000000962182"
"puzel,0.000000000194777"
"puzta,0.000000000213905"
"pwned,0.00000000118342"
"pyats,0.000000000359865"
"pyets,0.000000000438411"
"pygal,0.00000000601909"
"pygmy,0.000000223162"
"pyins,Missing[NotAvailable]"
"pylon,0.000000226552"
"pyned,0.0000000020727"
"pynes,0.00000000199605"
"pyoid,0.00000000161063"
"pyots,0.000000000871139"
"pyral,0.00000000104238"
"pyran,0.0000000451433"
"pyres,0.0000000666451"
"pyrex,0.000000102375"
"pyric,0.00000000194143"
"pyros,0.00000000336659"
"pyrus,0.00000000692958"
"pyuff,Missing[NotAvailable]"
"pyxed,0.000000000340822"
"pyxes,0.00000000572184"
"pyxie,0.00000000099758"
"pyxis,0.0000000335947"
"pzazz,0.000000000648735"
"qadis,0.0000000220585"
"qaids,0.00000000190056"
"qajaq,0.000000000911411"
"qanat,0.0000000170148"
"qapik,Missing[NotAvailable]"
"qibla,0.0000000313674"
"qilas,0.000000000121377"
"qipao,0.0000000105556"
"qophs,Missing[NotAvailable]"
"qorma,0.000000000603225"
"quabs,0.000000000230238"
"quack,0.000000584247"
"quads,0.00000018845"
"quaff,0.0000000901017"
"quags,0.00000000212679"
"quail,0.00000141788"
"quair,0.00000000349011"
"quais,0.0000000226036"
"quake,0.000000571696"
"quaky,0.00000000381413"
"quale,0.000000155839"
"qualm,0.000000117527"
"qualy,0.00000000122031"
"quank,0.00000000169139"
"quant,0.000000191898"
"quare,0.000000200264"
"quark,0.00000122121"
"quarl,0.0000000039529"
"quart,0.00000257205"
"quash,0.000000986641"
"quasi,0.00000701031"
"quass,0.00000000491204"
"quate,0.000000158849"
"quats,0.00000000685"
"quawk,0.00000000120833"
"quaws,0.000000000313818"
"quayd,0.000000000284144"
"quays,0.000000497821"
"qubit,0.000000217142"
"quean,0.0000000312315"
"queck,0.000000000530857"
"queek,0.00000000438441"
"queem,0.000000000978773"
"queen,0.0000131564"
"queer,0.00000355845"
"quell,0.00000072278"
"queme,0.00000000232319"
"quena,0.00000000516876"
"quern,0.000000172974"
"query,0.0000060255"
"queso,0.0000000320134"
"quest,0.00000624284"
"quete,0.00000000518242"
"queue,0.00000252532"
"queyn,0.000000000785824"
"queys,0.00000000219462"
"queyu,0.000000000473227"
"quibs,0.000000000678204"
"quich,0.00000000220525"
"quick,0.0000274076"
"quids,0.0000000236387"
"quies,0.0000000247406"
"quiet,0.0000297844"
"quiff,0.0000000144154"
"quila,0.00000000367736"
"quill,0.000000776757"
"quilt,0.00000139718"
"quims,0.0000000014136"
"quina,0.0000000208917"
"quine,0.0000000120472"
"quink,0.000000000527478"
"quino,0.00000000483586"
"quins,0.00000000427198"
"quint,0.000000027481"
"quipo,0.00000000127502"
"quips,0.000000165622"
"quipu,0.0000000203807"
"quire,0.000000483559"
"quirk,0.000000221942"
"quirl,0.000000000840823"
"quirt,0.0000000384154"
"quist,0.0000000101536"
"quite,0.000147874"
"quits,0.000000634654"
"quoad,0.000000162854"
"quods,0.00000000121979"
"quoif,0.00000000149042"
"quoin,0.0000000382784"
"quois,0.00000000628035"
"quoit,0.0000000474243"
"quoll,0.00000000736307"
"quonk,0.000000000726527"
"quops,0.000000000294388"
"quork,0.000000000769899"
"quorl,0.000000000581509"
"quota,0.00000637344"
"quote,0.0000116989"
"quoth,0.000000949399"
"quouk,Missing[NotAvailable]"
"quoys,0.000000000437722"
"quran,0.00000000201641"
"qursh,0.000000000477503"
"quyte,0.0000000117942"
"raads,0.000000000645444"
"raake,0.00000000149032"
"rabat,0.00000000548742"
"rabbi,0.00000132644"
"rabic,0.0000000210023"
"rabid,0.000000557919"
"rabis,0.0000000012748"
"raced,0.00000248062"
"racer,0.000000305839"
"races,0.0000119208"
"rache,0.0000000030056"
"racks,0.00000193464"
"racon,0.00000000800804"
"radar,0.00000708562"
"raddi,0.00000000091467"
"raddy,0.000000000789037"
"radge,0.00000000159231"
"radgy,0.000000000192327"
"radif,0.00000000711372"
"radii,0.0000020009"
"radio,0.0000348091"
"radix,0.000000215247"
"radon,0.00000113162"
"rafee,0.000000000213641"
"raffs,0.00000000278195"
"raffy,0.000000000316813"
"rafik,0.00000000195536"
"rafiq,0.00000000214623"
"rafts,0.000000954531"
"rafty,0.000000000496313"
"ragas,0.0000000681871"
"ragde,0.000000000225979"
"raged,0.00000157779"
"ragee,0.000000000512983"
"rager,0.00000000488897"
"rages,0.000000535339"
"ragga,0.00000000789025"
"raggs,0.00000000211869"
"raggy,0.00000000967917"
"ragis,0.00000000178133"
"ragus,0.00000000154206"
"rahed,0.000000000389674"
"rahui,0.00000000453383"
"raiah,0.000000000550503"
"raias,0.000000000988718"
"raids,0.0000027806"
"raike,0.000000000942714"
"raiks,0.000000000258891"
"raile,0.0000000127996"
"rails,0.00000732892"
"raine,0.0000000683569"
"rains,0.00000570609"
"rainy,0.00000352348"
"raird,0.000000000286934"
"raise,0.0000372838"
"raita,0.0000000121798"
"raith,0.00000000478494"
"raits,0.0000000111946"
"rajah,0.000000196419"
"rajas,0.000000111589"
"rajes,0.00000000072592"
"raked,0.000000864739"
"rakee,0.00000000148537"
"raker,0.0000000587152"
"rakes,0.000000447327"
"rakhi,0.00000000555257"
"rakia,0.00000000417423"
"rakis,0.00000000102664"
"rakki,0.000000000706812"
"raksi,0.00000000267085"
"rakus,0.00000000050309"
"rales,0.000000412879"
"ralli,0.00000000137315"
"rally,0.00000315671"
"ralph,0.0000000340474"
"ramal,0.0000000113017"
"ramee,0.000000000920706"
"ramen,0.0000000427373"
"rames,0.0000000142441"
"ramet,0.0000000172383"
"ramie,NA"
"ramin,0.00000000688315"
"ramis,0.0000000517858"
"rammy,0.00000000156212"
"ramon,0.00000000844924"
"ramps,0.000000909344"
"ramse,0.000000000265518"
"ramsh,0.000000000138004"
"ramus,0.000000687938"
"ranas,0.0000000040301"
"rance,0.000000187204"
"ranch,0.00000493133"
"rando,0.00000000485383"
"rands,0.0000000509191"
"randy,0.000000085057"
"raned,0.000000000716969"
"ranee,0.0000000990033"
"ranes,0.00000000507966"
"ranga,0.0000000153495"
"range,0.000128008"
"rangi,0.0000000339187"
"rangs,0.00000000987116"
"rangy,0.0000000953676"
"ranid,0.00000000787167"
"ranis,0.00000000757706"
"ranke,0.0000000257298"
"ranks,0.0000136612"
"ranns,0.00000000197397"
"ranny,0.00000000774434"
"ranse,0.00000000279376"
"rants,0.000000185737"
"ranty,0.0000000191824"
"raped,0.00000137547"
"rapee,0.00000000147709"
"raper,0.0000000137803"
"rapes,0.000000416683"
"raphe,0.000000289891"
"rapid,0.0000418271"
"rapin,0.00000000434814"
"rappe,0.000000002172"
"rapso,0.00000000120957"
"rared,0.00000000924352"
"raree,0.0000000164899"
"rarer,0.00000107289"
"rares,0.0000000330614"
"rarks,0.00000000072146"
"rasam,0.00000000648897"
"rasas,0.0000000252399"
"rased,0.0000000361724"
"raser,0.0000000100856"
"rases,0.0000000371354"
"rasps,0.0000000801179"
"raspy,0.000000206798"
"rasse,0.00000000414233"
"rasta,0.00000000960653"
"ratal,0.0000000150191"
"ratan,0.000000011982"
"ratas,0.00000000932148"
"ratch,0.0000000128128"
"rated,0.00000977303"
"ratel,0.00000001513"
"rater,0.000000382077"
"rates,0.000120638"
"ratha,0.0000000228822"
"rathe,0.0000000419739"
"raths,0.0000000253761"
"ratio,0.0000554975"
"ratoo,0.000000000317628"
"ratos,0.0000000135114"
"ratti,0.0000000125862"
"ratty,0.000000112574"
"ratus,0.0000000672102"
"rauli,0.00000000262756"
"rauns,0.000000000370647"
"raupo,0.00000000900223"
"raved,0.000000255975"
"ravel,0.0000000819786"
"raven,0.000000978799"
"raver,0.0000000144746"
"raves,0.000000165396"
"ravey,0.000000000353323"
"ravin,0.0000000273565"
"rawdy,0.000000000119418"
"rawer,0.0000000175507"
"rawin,0.00000000753983"
"rawks,0.000000000292165"
"rawly,0.0000000139005"
