"masse,0.000000891607"
"massy,0.000000236346"
"masts,0.00000137598"
"masty,0.00000000396239"
"masur,0.00000000875512"
"masus,0.00000000192056"
"masut,0.00000000136381"
"matai,0.0000000496459"
"match,0.0000197722"
"mated,0.00000119691"
"mater,0.00000134918"
"mates,0.00000248338"
"matey,0.0000000386313"
"mathe,0.0000000705567"
"maths,0.000000460267"
"matin,0.000000132846"
"matlo,0.00000000098324"
"matra,0.0000000190397"
"matsu,0.0000000155183"
"matte,0.000000806733"
"matts,0.0000000110811"
"matty,0.00000000502218"
"matza,0.00000000674803"
"matzo,0.0000000415581"
"mauby,0.000000002135"
"mauds,0.00000000204185"
"mauka,0.0000000206405"
"maula,0.00000000234811"
"mauls,0.00000004021"
"maums,0.000000000184444"
"maumy,0.000000000283555"
"maund,0.000000190922"
"maunt,0.00000000112313"
"mauri,0.0000000171438"
"mausy,Missing[NotAvailable]"
"mauts,0.000000000119633"
"mauve,0.000000484735"
"mauvy,0.00000000138878"
"mauzy,0.000000000477845"
"maven,0.0000000339478"
"mavie,0.000000000428585"
"mavin,0.000000000985621"
"mavis,0.000000026534"
"mawed,0.000000000993334"
"mawks,0.000000000505438"
"mawky,0.000000000290041"
"mawla,0.0000000081773"
"mawns,0.000000000196384"
"mawps,Missing[NotAvailable]"
"mawrs,0.00000000012049"
"maxed,0.0000000376917"
"maxes,0.00000000423564"
"maxim,0.0000026403"
"maxis,0.00000000404883"
"mayan,0.00000000322945"
"mayas,0.00000000912298"
"maybe,0.0000232693"
"mayed,0.00000000466455"
"mayor,0.0000096447"
"mayos,0.00000000065228"
"mayst,0.000000281523"
"mazac,0.000000000199982"
"mazak,0.000000000616868"
"mazar,0.00000000851456"
"mazas,0.000000000366982"
"mazed,0.0000000312078"
"mazel,0.0000000068287"
"mazer,0.0000000151465"
"mazes,0.000000359524"
"mazet,0.000000000423268"
"mazey,0.000000000463248"
"mazut,0.0000000071355"
"mbari,0.0000000121441"
"mbars,0.00000000463122"
"mbila,0.00000000449043"
"mbira,0.0000000236872"
"mbret,0.00000000281367"
"mbube,0.00000000139635"
"mbuga,0.00000000434904"
"meads,0.000000136935"
"meake,0.00000000117451"
"meaks,0.000000000248231"
"meals,0.0000101613"
"mealy,0.000000335196"
"meane,0.000000297548"
"means,0.000275144"
"meant,0.0000492647"
"meany,0.00000000553342"
"meare,0.00000000797373"
"mease,0.00000000731283"
"meath,0.00000000887322"
"meats,0.00000313227"
"meaty,0.00000030943"
"mebbe,0.000000109562"
"mebos,0.000000000502907"
"mecca,0.000000164473"
"mecha,0.000000078906"
"mechs,0.0000000157202"
"mecks,0.00000000063104"
"mecum,0.000000101991"
"medal,0.00000389239"
"media,0.0000424477"
"medic,0.000000350695"
"medii,0.0000000396703"
"medin,0.00000000271806"
"medle,0.0000000147703"
"meech,0.00000000100073"
"meeds,0.0000000137835"
"meeja,0.000000000448249"
"meeps,0.000000000315936"
"meers,0.00000000616303"
"meets,0.0000133795"
"meffs,0.000000000194737"
"meids,0.000000000217515"
"meiko,0.00000000025517"
"meils,0.0000000016018"
"meins,0.00000000540906"
"meint,0.0000000104314"
"meiny,0.00000000358208"
"meism,0.000000000757658"
"meith,0.000000000484883"
"mekka,0.000000000437126"
"melam,0.00000000430907"
"melas,0.0000000511052"
"melba,0.0000000175193"
"melch,0.00000000043425"
"melds,0.0000000467392"
"melee,0.000000287678"
"meles,0.0000000200211"
"melic,0.0000000124495"
"melik,0.00000000189184"
"mells,0.00000000293322"
"meloe,0.00000000113862"
"melon,0.000000875092"
"melos,0.0000000196939"
"melts,0.00000224949"
"melty,0.00000000865037"
"memes,0.00000013859"
"memic,0.00000000060911"
"memos,0.000000545441"
"menad,0.00000000044851"
"mence,0.0000000466587"
"mends,0.000000123387"
"mened,0.00000000123138"
"menes,0.0000000112094"
"menge,0.00000000243521"
"mengs,0.000000000327032"
"menil,0.00000000166349"
"mensa,0.0000000795882"
"mense,0.000000115167"
"mensh,0.00000000190696"
"menta,0.0000000372701"
"mento,0.0000000573633"
"ments,0.00000465601"
"menus,0.00000164062"
"meous,0.000000000607328"
"meows,0.0000000163627"
"merch,0.000000032445"
"mercs,0.0000000140998"
"mercy,0.0000132207"
"merde,0.0000000197863"
"merds,0.00000000111592"
"mered,0.0000000104824"
"merel,0.0000000270805"
"merer,0.0000000150401"
"meres,0.0000000507254"
"merge,0.00000302847"
"meril,0.00000000112696"
"meris,0.00000000912999"
"merit,0.0000175363"
"merks,0.000000181426"
"merle,0.0000000225877"
"merls,0.000000000240223"
"merry,0.00000420122"
"merse,0.00000000419372"
"mersk,0.000000000176099"
"mesad,0.0000000492058"
"mesal,0.000000101539"
"mesas,0.000000229267"
"mesca,0.000000000564914"
"mesel,0.00000000372189"
"mesem,0.000000000507587"
"meses,0.0000000289399"
"meshy,0.00000000310886"
"mesia,0.00000000122669"
"mesic,0.00000027565"
"mesne,0.000000745163"
"meson,0.000000863025"
"messy,0.00000118739"
"mesto,0.0000000141805"
"mesyl,0.00000000695885"
"metal,0.0000603501"
"metas,0.0000000256469"
"meted,0.00000061397"
"meteg,0.00000000126969"
"metel,0.0000000156826"
"meter,0.0000117592"
"metes,0.000000311737"
"methi,0.000000011784"
"metho,0.0000000403818"
"meths,0.00000000780887"
"methy,0.0000000285928"
"metic,0.0000000495865"
"metif,0.000000000688615"
"metis,0.0000000512189"
"metol,0.0000000480693"
"metre,0.00000311051"
"metro,0.000000851618"
"metta,0.000000020669"
"meums,0.000000000286057"
"meuse,0.00000000312284"
"meved,0.00000000303418"
"meves,0.000000000586531"
"mewed,0.0000000630148"
"mewls,0.00000000431543"
"meynt,0.00000000109187"
"mezes,0.00000000428761"
"mezza,0.0000000181259"
"mezze,0.00000000859257"
"mezzo,0.000000269458"
"mgals,0.0000000149356"
"mhorr,0.000000000676915"
"miais,0.000000000389862"
"miaou,0.00000000136353"
"miaow,0.0000000096423"
"miasm,0.0000000381323"
"miaul,0.000000000700542"
"micas,0.000000210936"
"miche,0.00000000976287"
"michi,0.0000000444899"
"micht,0.0000000583241"
"micks,0.00000000515731"
"micky,0.00000000284198"
"micos,0.00000000238371"
"micra,0.000000060701"
"micro,0.00000708618"
"middy,0.0000000372869"
"midge,0.000000252304"
"midgy,0.000000000372153"
"midis,0.00000000790762"
"midst,0.0000134347"
"miens,0.00000000982217"
"mieux,0.000000157314"
"mieve,0.00000000026979"
"miffs,0.00000000149014"
"miffy,0.00000000175201"
"mifty,0.000000000486009"
"miggs,0.000000000217927"
"might,0.000361775"
"migma,0.00000000358867"
"migod,0.000000000660648"
"mihas,0.000000000132875"
"mihis,0.000000000273976"
"mikan,0.00000000542504"
"miked,0.0000000223452"
"mikes,0.0000000733105"
"mikos,0.000000000969167"
"mikra,0.00000000327967"
"mikva,0.0000000039941"
"milch,0.000000404596"
"milds,0.00000000763933"
"miler,0.00000003598"
"miles,0.00011705"
"milfs,0.00000000052245"
"milia,0.0000000492744"
"milko,0.000000000876733"
"milks,0.000000316014"
"milky,0.00000107345"
"mille,0.000000306925"
"mills,0.0000166455"
"milly,0.00000000694477"
"milor,0.0000000110851"
"milos,0.0000000165091"
"milpa,0.0000000481038"
"milts,0.0000000152793"
"milty,0.000000000554732"
"miltz,0.000000000336815"
"mimed,0.0000000908739"
"mimeo,0.000000485057"
"mimer,0.00000000163176"
"mimes,0.000000127418"
"mimic,0.00000167249"
"mimis,0.00000000305707"
"mimsy,0.00000000718191"
"minae,0.0000000332384"
"minar,0.0000000125551"
"minas,0.0000000741371"
"mince,0.00000043267"
"mincy,0.000000000613225"
"mindi,0.00000000357064"
"minds,0.0000255722"
"mined,0.0000042519"
"miner,0.00000282813"
"mines,0.0000211858"
"minge,0.0000000029483"
"mingi,0.00000000265563"
"mings,0.0000000181474"
"mingy,0.00000000482299"
"minim,0.000000175672"
"minis,0.000000163603"
"minke,0.000000104558"
"minks,0.0000000735876"
"minny,0.00000000416138"
"minor,0.0000375115"
"minos,0.000000011308"
"minse,0.00000000178091"
"mints,0.000000599685"
"minty,0.0000000491065"
"minus,0.00000661247"
"minxy,0.000000000686121"
"miraa,0.00000000688398"
"mirah,0.000000000615141"
"mirch,0.00000000424528"
"mired,0.000000413223"
"mires,0.0000000850342"
"mirex,0.0000000625393"
"mirid,0.000000012524"
"mirin,0.0000000302476"
"mirkn,Missing[NotAvailable]"
"mirks,0.00000000175799"
"mirky,0.00000000279516"
"mirls,0.000000000166546"
"mirly,0.000000000190579"
"miros,0.00000000109354"
"mirrl,0.000000000107085"
"mirrs,0.000000000151663"
"mirth,0.00000177478"
"mirvs,0.00000000133803"
"mirza,0.00000000748062"
"misal,0.00000000511161"
"misch,0.000000012204"
"misdo,0.00000000263561"
"miser,0.000000515884"
"mises,0.0000000751217"
"misgo,0.000000000506783"
"misky,0.000000000324548"
"misls,0.00000000450771"
"misos,0.0000000023527"
"missa,0.0000000586252"
"missy,0.0000000916208"
"misto,0.0000000144107"
"mists,0.00000120701"
"misty,0.000001198"
"mitas,0.00000000198991"
"mitch,0.0000000079386"
"miter,0.000000258105"
"mites,0.00000144414"
"mitey,0.00000000164392"
"mitie,0.000000000622408"
"mitis,0.0000000761037"
"mitre,0.000000356777"
"mitry,0.000000000535857"
"mitta,0.0000000041244"
"mitts,0.000000135965"
"mivey,Missing[NotAvailable]"
"mivvy,0.000000000133506"
"mixed,0.0000384729"
"mixen,0.00000000451074"
"mixer,0.00000227248"
"mixes,0.00000192413"
"mixie,0.0000000016041"
"mixis,0.00000000486663"
"mixte,0.000000023574"
"mixup,0.0000000369926"
"miyas,0.000000000500135"
"mizen,0.0000000896761"
"mizes,0.00000000505913"
"mizzy,0.000000000435812"
"mmkay,0.000000000390912"
"mneme,0.00000000466787"
"moais,0.0000000010713"
"moaky,Missing[NotAvailable]"
"moals,0.00000000108184"
"moana,0.0000000129603"
"moans,0.000000726158"
"moany,0.00000000168232"
"moars,0.000000000351847"
"moats,0.000000132287"
"mobby,0.000000000782205"
"mobed,0.00000000230435"
"mobee,0.000000000194076"
"mobes,0.000000000306807"
"mobey,0.000000000205941"
"mobie,0.00000000106255"
"moble,0.0000000045852"
"mobos,0.000000000366239"
"mocap,0.00000000454927"
"mocha,0.0000000913041"
"mochi,0.0000000287616"
"mochs,0.00000000033073"
"mochy,0.000000000182575"
"mocks,0.000000358271"
"mocky,0.00000000102568"
"mocos,0.0000000011544"
"mocus,0.000000000302107"
"modal,0.00000280587"
"model,0.000134841"
"modem,0.00000299497"
"moder,0.000000445165"
"modes,0.0000165732"
"modge,0.000000000381699"
"modii,0.0000000169111"
"modin,0.00000000178184"
"modoc,0.00000000225263"
"modom,0.00000000150115"
"modus,0.00000104494"
"moeni,0.000000000175768"
"moers,0.000000000604168"
"mofos,0.00000000126396"
"mogar,0.000000000226476"
"mogas,0.00000000382614"
"moggy,0.00000000427468"
"mogos,0.0000000004014"
"mogra,0.00000000171612"
"mogue,0.000000000362182"
"mogul,0.000000144538"
"mohar,0.000000010165"
"mohel,0.0000000170094"
"mohos,0.000000000213076"
"mohrs,0.00000000113917"
"mohua,0.00000000286893"
"mohur,0.0000000145915"
"moile,0.00000000205448"
"moils,0.00000000497313"
"moira,0.0000000113102"
"moire,0.00000016241"
"moist,0.00000715758"
"moits,0.000000000452169"
"moity,0.00000000589034"
"mojos,0.0000000025061"
"moker,0.00000000142352"
"mokes,0.000000022221"
"mokey,0.000000000466607"
"mokis,0.000000000884233"
"mokky,Missing[NotAvailable]"
"mokos,0.00000000182202"
"mokus,0.000000000319823"
"molal,0.000000180111"
"molar,0.00000341747"
"molas,0.0000000135341"
"molds,0.00000206222"
"moldy,0.000000259128"
"moled,0.00000000274668"
"moler,0.00000000456921"
"moles,0.00000151585"
"moley,0.00000000314048"
"molie,0.000000000376321"
"molla,0.00000000371747"
"molle,0.0000000705535"
"mollo,0.00000000186171"
"molls,0.00000000888203"
"molly,0.0000000450182"
"moloi,0.00000000074575"
"molos,0.000000000634904"
"molto,0.000000128208"
"molts,0.0000000939424"
"molue,0.00000000138115"
"molvi,0.000000000439826"
"molys,0.000000000426113"
"momes,0.00000000222627"
"momie,0.00000000377188"
"momma,0.000000222694"
"momme,0.0000000206375"
"mommy,0.000000348903"
"momos,0.00000000525089"
"mompe,0.00000000072298"
"momus,0.00000000211291"
"monad,0.000000225564"
"monal,0.00000000867692"
"monas,0.0000000274929"
"monde,0.000000647982"
"mondo,0.0000001498"
"moner,0.00000000932952"
"money,0.000188195"
"mongo,0.0000000152605"
"mongs,0.00000000295998"
"monic,0.0000000624989"
"monie,0.0000000524991"
"monks,0.00000579437"
"monos,0.0000000239325"
"monpe,0.00000000118168"
"monte,0.000000187513"
"month,0.000100888"
"monty,0.00000000842637"
"moobs,0.00000000152082"
"mooch,0.0000000285247"
"moods,0.00000234321"
"moody,0.000000587899"
"mooed,0.0000000141114"
"mooey,0.00000000132425"
"mooks,0.0000000024344"
"moola,0.00000000579678"
"mooli,0.00000000307614"
"mools,0.00000000300186"
"mooly,0.00000000123604"
"moong,0.0000000271724"
"mooni,0.000000000715882"
"moons,0.000000969358"
"moony,0.0000000336697"
"moops,0.000000000186331"
"moors,0.000000643622"
"moory,0.0000000129081"
"moose,0.00000116326"
"mooth,0.0000000127047"
"moots,0.0000000361935"
"moove,0.00000000975519"
"moped,0.000000142794"
"moper,0.00000000134044"
"mopes,0.0000000170263"
"mopey,0.0000000100285"
"moppy,0.00000000155179"
"mopsy,0.000000000868959"
"mopus,0.000000000645249"
"morae,0.0000000193368"
"morah,0.00000000188066"
"moral,0.0000564081"
"moran,0.0000000255965"
"moras,0.0000000325321"
"morat,0.00000000293426"
"moray,0.0000000400915"
"moree,0.00000000152512"
"morel,0.0000000673414"
"mores,0.00000102957"
"morgy,0.000000000226514"
"moria,0.0000000118141"
"morin,0.0000000218968"
"mormo,0.00000000247086"
"morna,0.00000000264237"
"morne,0.0000000442494"
"morns,0.0000000155774"
"moron,0.000000247797"
"moror,0.00000000543659"
"morph,0.000000245775"
"morra,0.00000000812001"
"morro,0.0000000108359"
"morse,0.0000000620924"
"morts,0.0000000613942"
"moruk,0.000000000307745"
"mosed,0.000000000720521"
"moses,0.0000000344105"
"mosey,0.0000000289344"
"mosks,0.00000000248335"
"mosso,0.0000000184899"
"mossy,0.000000628641"
"moste,0.000000169337"
"mosto,0.00000000442552"
"mosts,0.00000000313624"
"moted,0.0000000517779"
"motel,0.00000160444"
"moten,0.00000000395822"
"motes,0.000000209886"
"motet,0.000000176146"
"motey,0.000000000398131"
"moths,0.00000179167"
"mothy,0.00000000679695"
"motif,0.0000030193"
"motis,0.00000000308149"
"moton,0.00000000697693"
"motor,0.0000496637"
"motte,0.0000000729292"
"motto,0.00000289349"
"motts,0.00000000253023"
"motty,0.00000000105296"
"motus,0.0000000832197"
"motza,0.000000000782823"
"mouch,0.00000000249065"
"moues,0.00000000450174"
"moufs,0.000000000902844"
"mould,0.00000479209"
"moule,0.00000000665763"
"mouls,0.000000000989362"
"moult,0.000000464349"
"mouly,0.000000000353085"
"mound,0.0000038228"
"mount,0.00000685864"
"moups,0.000000000126945"
"mourn,0.00000190334"
"mouse,0.0000106523"
"moust,0.00000000210168"
"mousy,0.0000000814553"
"mouth,0.0000568045"
"moved,0.0000784065"
"mover,0.00000149339"
"moves,0.000019654"
"movie,0.000011179"
"mowas,0.000000000399225"
"mowed,0.000000410453"
"mower,0.000000701016"
"mowie,0.00000000153314"
"mowra,0.00000000191744"
"moxas,0.0000000042483"
"moxie,0.0000000221322"
"moyas,0.000000000422628"
"moyle,0.0000000026928"
"moyls,0.000000000325259"
"mozed,0.000000000127163"
"mozes,0.00000000031944"
"mozos,0.0000000100795"
"mpret,0.00000000029015"
"mrads,0.0000000101388"
"msasa,0.00000000243129"
"mtepe,0.00000000201521"
"mucho,0.00000014069"
"mucic,0.0000000211778"
"mucid,0.000000000973343"
"mucin,0.000000348241"
"mucko,0.000000000174719"
"mucks,0.0000000297489"
"mucky,0.0000000994535"
"mucor,0.0000000125466"
"mucro,0.000000065225"
"mucus,0.00000214268"
"mudar,0.00000000514414"
"muddy,0.0000029351"
"mudge,0.00000000156049"
"mudif,0.00000000028961"
"mudim,0.000000000209205"
"mudir,0.00000000932101"
"mudra,0.0000000932544"
"muffs,0.000000092584"
"muffy,0.00000000066992"
"mufti,0.000000137052"
"mugga,0.00000000105222"
"muggs,0.00000000129439"
"muggy,0.000000133584"
"mugho,0.00000000358122"
"mugil,0.00000000152953"
"mugos,0.000000000209113"
"muhly,0.0000000262343"
"muids,0.0000000103871"
"muils,0.000000000447009"
"muirs,0.00000000814808"
"muiry,0.000000000348592"
"muist,0.000000000713736"
"mujik,0.00000000852159"
"mukim,0.0000000147126"
"mukti,0.0000000341515"
"mulai,0.00000000365152"
"mulch,0.0000010239"
"mulct,0.0000000705105"
"muled,0.00000000489499"
"mules,0.0000031098"
"muley,0.00000000991471"
"mulga,0.0000000568658"
"mulie,0.00000000122461"
"mulla,0.0000000166831"
"mulls,0.000000048153"
"mulse,0.000000000833919"
"mulsh,0.000000000308401"
"mumbo,0.000000093937"
"mumms,0.000000000161407"
"mummy,0.000000793105"
"mumph,0.000000000315611"
"mumps,0.000000535564"
"mumsy,0.00000000351191"
"mumus,0.000000000764531"
"munch,0.000000124086"
"munds,0.00000000589647"
"mundu,0.00000000895002"
"munga,0.00000000402604"
"munge,0.00000000116845"
"mungi,0.000000000925675"
"mungo,0.0000000577618"
"mungs,0.000000000697504"
"mungy,0.000000000356354"
"munia,0.00000000858509"
"munis,0.0000000265801"
"munja,0.0000000055258"
"munjs,Missing[NotAvailable]"
"munts,0.00000000172498"
"muntu,0.00000000708404"
"muons,0.00000027417"
"mural,0.00000153013"
"muras,0.00000000175547"
"mured,0.0000000164675"
"mures,0.00000000600522"
"murex,0.0000000298203"
"murgh,0.0000000025354"
"murgi,0.000000000824877"
"murid,0.0000000243139"
"murks,0.00000000609957"
"murky,0.000000846675"
"murls,0.000000000414107"
"murly,0.0000000001967"
"murra,0.00000000358432"
"murre,0.0000000215663"
"murri,0.00000000179616"
"murrs,0.000000000350354"
"murry,0.00000000357143"
"murth,0.000000000737504"
"murti,0.0000000188119"
"muruk,0.000000000769143"
"murva,0.000000000539737"
"musar,0.00000000847278"
"musca,0.0000000111734"
"mused,0.00000122052"
"musee,0.000000017035"
"muser,0.00000000477635"
"muses,0.000000425771"
"muset,0.00000000101336"
"musha,0.0000000111074"
"mushy,0.00000027967"
"music,0.0000697985"
"musit,0.00000000173225"
"musks,0.0000000129318"
"musky,0.000000204157"
"musos,0.00000000339268"
"musse,0.00000000300327"
"mussy,0.0000000164189"
"musta,0.0000000539414"
"musth,0.0000000141942"
"musts,0.000000100538"
"musty,0.000000665894"
"mutas,0.00000000111733"
"mutch,0.000000032162"
"muted,0.00000111385"
"muter,0.0000000160366"
"mutes,0.000000345671"
"mutha,0.0000000102993"
"mutic,0.00000000451707"
"mutis,0.00000000216608"
"muton,0.0000000021063"
"mutti,0.00000000481152"
"mutts,0.0000000325397"
"mutum,0.00000000746034"
"muvva,0.000000000271795"
"muxed,0.0000000010713"
"muxes,0.00000000607328"
"muzak,0.0000000162825"
"muzzy,0.0000000229648"
"mvula,0.000000000676776"
"mvule,0.00000000238087"
"mvuli,0.000000000439957"
"myall,0.00000000858261"
"myals,0.000000000161431"
"mylar,0.0000000990827"
"mynah,0.000000025284"
"mynas,0.00000000808407"
"myoid,0.0000000179636"
"myoma,0.000000112825"
"myons,0.000000000940554"
"myope,0.0000000154771"
"myops,0.0000000072865"
"myopy,0.00000000117181"
"myrrh,0.000000372513"
"mysid,0.0000000288088"
"mysie,0.000000000407875"
"mythi,0.00000000565513"
"myths,0.00000406285"
"mythy,0.00000000118928"
"myxos,0.000000000184609"
"mzees,0.000000000172769"
"naams,0.00000000109377"
"naans,0.00000000204971"
"naats,0.00000000051427"
"nabam,0.0000000133589"
"nabby,0.000000000307785"
"nabes,0.00000000148165"
"nabis,0.0000000029141"
"nabks,Missing[NotAvailable]"
"nabla,0.00000000765041"
"nabob,0.000000138875"
"nache,0.00000000126495"
"nacho,0.0000000141941"
"nacre,0.0000000816549"
"nadas,0.00000000136697"
"nadir,0.000000419396"
"naeve,0.00000000041969"
"naevi,0.0000000537575"
"naffs,0.000000000253151"
"nagar,0.0000000280056"
"nagas,0.0000000242749"
"nages,0.00000000811357"
"naggy,0.00000000154297"
"nagor,0.000000000467977"
"nahal,0.00000000298738"
"naiad,0.0000000341704"
"naibs,0.0000000031562"
"naice,0.00000000158218"
"naids,0.00000000100745"
"naieo,0.000000000157199"
"naifs,0.00000000461544"
"naiks,0.00000000221618"
"nails,0.00000559537"
"naily,0.00000000180034"
"nains,0.00000000460945"
"naios,0.000000000218868"
"naira,0.00000012255"
"nairu,0.00000000116074"
"naive,0.00000323869"
"najib,0.000000001034"
"nakas,0.00000000171464"
"naked,0.0000113939"
"naker,0.00000000362038"
"nakfa,0.00000000401651"
"nalas,0.0000000111837"
"naled,0.0000000183002"
"nalla,0.00000000663765"
"namad,0.00000000152751"
"namak,0.00000000388027"
"namaz,0.0000000211157"
"named,0.0000601349"
"namer,0.0000000165699"
"names,0.00006815"
"namma,0.00000000198071"
"namus,0.00000000386675"
"nanas,0.00000000589391"
"nance,0.000000396616"
"nancy,0.0000000939448"
"nandu,0.00000000206847"
"nanna,0.0000000106108"
"nanny,0.000000504927"
"nanos,0.0000000172533"
"nante,0.00000000288615"
"nanti,0.00000000688871"
"nanto,0.000000000923952"
"nants,0.0000000397766"
"nanty,0.000000000399144"
"nanua,0.000000000211996"
"napas,0.00000000105465"
"naped,0.0000000267656"
"napes,0.0000000115155"
"napoh,0.000000000255008"
"napoo,0.00000000157868"
"nappa,0.00000000342615"
"nappe,0.000000173395"
"nappy,0.000000134571"
"naras,0.00000000224044"
"narco,0.0000000657632"
"narcs,0.0000000115396"
"nards,0.00000000245499"
"nares,0.00000026636"
"naric,0.000000000483925"
"naris,0.0000000428745"
"narks,0.000000012826"
"narky,0.00000000311402"
"narod,0.0000000304611"
"narra,0.0000000481225"
"narre,0.00000000270319"
"nasal,0.00000536227"
"nashi,0.0000000135997"
"nasho,0.000000000439758"
"nasis,0.00000000163477"
"nason,0.00000000160547"
"nasty,0.00000269508"
"nasus,0.0000000301281"
"natak,0.0000000034399"
"natal,0.000000883292"
"natch,0.0000000216664"
"nates,0.000000131982"
"natis,0.00000000857593"
"natto,0.0000000292609"
"natty,0.0000000736651"
"natya,0.00000000730931"
"nauch,0.0000000124641"
"naunt,0.00000000121328"
"naval,0.0000169065"
"navar,0.00000000213899"
"naved,0.00000000643558"
"navel,0.000000844524"
"naves,0.000000119277"
"navew,0.000000000841983"
"navvy,0.0000000745241"
"nawab,0.0000000589314"
"nawal,0.00000000194017"
"nazar,0.000000015883"
"nazes,0.000000000319201"
"nazir,0.0000000255713"
"nazis,0.0000000551137"
"nazzy,0.00000000012258"
"nduja,0.00000000263484"
"neafe,0.00000000016117"
"neals,0.00000000193439"
"neant,0.0000000150366"
"neaps,0.0000000585143"
"nears,0.000000313723"
"neath,0.000000404099"
"neato,0.00000000229994"
"neats,0.000000010142"
"nebby,0.000000000706362"
"nebek,0.000000000767702"
"nebel,0.00000000497187"
"neche,0.000000000539518"
"necks,0.00000220479"
"neddy,0.00000000195619"
"neebs,0.000000000275296"
"needs,0.000115541"
"needy,0.00000344382"
"neefs,0.00000000035123"
"neeld,0.00000000140415"
"neele,0.00000000335656"
"neemb,0.000000000151857"
"neems,0.00000000128103"
"neeps,0.00000000520558"
"neese,0.00000000126942"
"neeze,0.00000000164766"
"nefie,0.000000000300834"
"negri,0.00000000635356"
"negro,0.00000481563"
"negus,0.0000000368559"
"neifs,0.00000000292804"
"neigh,0.000000303941"
"neist,0.000000011777"
"neive,0.00000000233648"
"nelia,0.00000000232121"
"nelis,0.000000000732388"
"nelly,0.0000000147121"
"nemas,0.0000000149752"
"nemic,0.00000000371417"
"nemns,0.000000000173559"
"nempt,0.000000000812633"
"nenes,0.00000000217581"
"nenta,0.00000000146116"
"neons,0.0000000151964"
"neosa,0.000000000215622"
"neoza,0.000000000686684"
"neper,0.00000000951225"
"nepit,0.000000000174627"
"neral,0.000000210228"
"neram,0.00000000055575"
"nerds,0.0000000746443"
"nerdy,0.0000000685746"
"nerfs,0.0000000149985"
"nerka,0.0000000715274"
"nerks,0.000000000345755"
"nerol,0.0000000111755"
"nerts,0.00000000153822"
"nertz,0.00000000044933"
"nerve,0.0000216437"
"nervy,0.0000000754142"
"neski,0.000000000171123"
"nests,0.00000407218"
"nesty,0.00000000632909"
"netas,0.00000000302792"
"netes,0.00000000279901"
"netop,0.00000000128221"
"netta,0.00000000359442"
"netts,0.00000000500387"
"netty,0.0000000014786"
"neuks,0.000000000924318"
"neume,0.00000000931262"
"neums,0.00000000722186"
"nevel,0.00000000781116"
"never,0.000288426"
"neves,0.00000000727399"
"nevis,0.00000000279197"
"nevus,0.000000238773"
"nevvy,0.00000000329786"
"newbs,0.00000000111475"
"newed,0.0000000361957"
"newel,0.0000000863142"
"newer,0.00000475822"
"newie,0.000000000747365"
"newly,0.0000213483"
"newsy,0.0000000485443"
"newts,0.000000100761"
"nexal,0.00000000343495"
"nexin,0.0000000117298"
"nexts,0.00000000211287"
"nexum,0.0000000096527"
"nexus,0.00000130688"
"ngaio,0.00000000311082"
"ngaka,0.00000000345356"
"ngana,0.00000000337242"
"ngapi,0.00000000343557"
"ngati,0.00000000288784"
"ngege,0.00000000109551"
"ngoma,0.000000019102"
"ngoni,0.00000000220488"
"ngram,0.00000000434134"
"ngwee,0.00000000726551"
"nibby,0.000000000452881"
"nicad,0.00000000746972"
"niced,0.0000000010389"
"nicer,0.000000736142"
"nicey,0.00000000535345"
"niche,0.00000269476"
"nicht,0.00000136994"
"nicks,0.000000162661"
"nicky,0.00000000612699"
"nicol,0.0000000387859"
"nidal,0.000000002841"
"nided,0.000000000713631"
"nides,0.00000000412903"
"nidor,0.000000000942439"
"nidus,0.000000135"
"niece,0.00000323322"
"niefs,0.000000000833316"
"niess,0.000000000738785"
"nieve,0.000000015246"
"nifes,0.000000000227439"
"niffs,0.000000000350366"
"niffy,0.000000000799911"
"nifle,0.000000000266253"
"nifty,0.000000132727"
"niger,0.000000461057"
"nigga,0.000000189977"
"nighs,0.00000000105299"
"night,0.000142262"
"nigre,0.00000000494303"
"nigua,0.00000000147292"
"nihil,0.00000044016"
"nikab,0.000000000702962"
"nikah,0.0000000183729"
"nikau,0.00000000538679"
"nilas,0.00000000343819"
"nills,0.00000000420933"
"nimbi,0.00000000913871"
"nimbs,0.00000000063549"
"nimby,0.00000000244347"
"nimps,0.000000000285731"
"niner,0.0000000320104"
"nines,0.00000018759"
"ninja,0.000000104747"
"ninny,0.000000085666"
"ninon,0.00000000457756"
"ninta,0.000000000434374"
"ninth,0.00000850673"
"niopo,0.00000000126233"
"nioza,Missing[NotAvailable]"
"nipas,0.000000000788652"
"nipet,0.000000000114242"
"nippy,0.0000000349574"
"niqab,0.0000000309205"
"nirls,0.000000000336478"
"nirly,0.000000000319547"
"nisei,0.0000000283188"
"nisin,0.0000000626306"
"nisse,0.00000000551285"
"nisus,0.0000000346127"
"nital,0.0000000204216"
"niter,0.0000000920368"
"nites,0.0000000144231"
"nitid,0.0000000161616"
"niton,0.0000000150364"
"nitre,0.000000354097"
"nitro,0.0000012369"
"nitry,0.000000000442366"
"nitta,0.000000000872"
"nitto,0.000000000521977"
"nitty,0.000000106167"
"nival,0.0000000156453"
"nivas,0.00000000046631"
"nivel,0.00000002695"
"nixed,0.0000000448561"
"nixer,0.00000000063815"
"nixes,0.00000000671575"
"nixie,0.00000000926528"
"nizam,0.0000000257374"
"njirl,Missing[NotAvailable]"
"nkosi,0.00000000213858"
"nmoli,0.000000000113313"
"nmols,0.00000000352443"
"noahs,0.000000000295456"
"nobby,0.0000000142514"
"noble,0.0000294475"
"nobly,0.00000130447"
"nocks,0.0000000143168"
"nodal,0.0000014171"
"noddy,0.0000000270035"
"noded,0.0000000453436"
"nodes,0.0000105434"
"nodum,0.00000000560945"
"nodus,0.000000038573"
"noels,0.0000000035231"
"noema,0.000000036395"
"noeme,0.00000000152858"
"nogal,0.00000000900949"
"noggs,0.000000000712994"
"noggy,0.000000000280874"
"nohow,0.0000000597921"
"noias,0.000000000241365"
"noils,0.0000000710916"
"noily,0.000000000447183"
"noint,0.000000014943"
"noire,0.000000164908"
"noirs,0.0000000755945"
"noise,0.0000329306"
"noisy,0.000003892"
"nokes,0.000000000769731"
"noles,0.00000000778098"
"nolle,0.000000151655"
"nolls,0.000000000903848"
"nolos,0.000000000384471"
"nomad,0.0000004045"
"nomas,0.0000000213099"
"nomen,0.000000365012"
"nomes,0.0000000572338"
"nomic,0.00000033374"
"nomoi,0.0000000198456"
"nomos,0.0000000960315"
"nonan,0.00000000533212"
"nonas,0.00000000756778"
"nonce,0.00000020578"
"noncy,0.00000000184989"
"nonda,0.00000000160455"
"nondo,0.000000000763131"
"nones,0.0000000560424"
"nonet,0.0000000238334"
"nongs,0.000000000658774"
"nonic,0.00000000163676"
"nonis,0.00000000317361"
"nonna,0.0000000142161"
"nonno,0.0000000063592"
"nonny,0.000000022678"
"nonyl,0.0000000277013"
"noobs,0.00000000616732"
"noois,0.000000000209366"
"nooit,0.000000037715"
"nooks,0.000000369467"
"nooky,0.00000000590016"
"noone,0.00000010619"
"noons,0.0000000433786"
"noops,0.000000000721397"
"noose,0.000000625682"
"noove,0.000000000206108"
"nopal,0.0000000237154"
"noria,0.00000000933537"
"norie,0.000000000806623"
"noris,0.00000000677578"
"norks,0.00000000231857"
"norma,0.000000123787"
"norms,0.00000966788"
"north,0.0000759196"
"nosed,0.000000942926"
"noser,0.00000000454355"
"noses,0.00000176743"
"nosey,0.0000000623476"
"noshi,0.0000000024701"
"nosir,0.000000000985582"
"notal,0.0000000156558"
"notam,0.00000000926097"
"notch,0.00000333683"
"noted,0.0000755"
"noter,0.0000000127954"
"notes,0.0000644259"
"notum,0.0000000485866"
"nougs,Missing[NotAvailable]"
"nouja,0.000000000109236"
"nould,0.00000000918988"
"noule,0.00000000233735"
"nouls,0.000000000225649"
"nouns,0.00000329928"
"nouny,0.00000000219913"
"noups,0.000000000168555"
"noust,0.000000000811869"
"novae,0.00000019828"
"novas,0.0000000331578"
"novel,0.0000316716"
"novia,0.0000000154445"
"novio,0.0000000121755"
"novum,0.0000000775761"
"noway,0.0000000302256"
"nowds,0.0000000001104"
"nowed,0.00000000348691"
"nowls,0.000000000305992"
"nowts,0.000000000403363"
"nowty,0.000000000310149"
"noxal,0.00000000717958"
"noxas,0.000000000495975"
"noxes,0.0000000016007"
"noyau,0.000000019601"
"noyed,0.00000000503315"
"noyes,0.00000000400234"
"nrtta,0.00000000318926"
"nrtya,0.0000000033507"
"nsima,0.0000000035637"
"nubby,0.0000000229251"
"nubia,0.0000000027695"
"nucha,0.0000000130358"
"nucin,0.000000000457298"
"nuddy,0.00000000155908"
"nuder,0.00000000852868"
"nudes,0.00000020683"
"nudge,0.000000466466"
"nudgy,0.000000000392578"
"nudie,0.0000000130415"
"nudzh,0.000000000316449"
"nuevo,0.000000101582"
"nuffs,0.000000000190461"
"nugae,0.0000000054731"
"nujol,0.0000000139477"
"nuked,0.00000001605"
"nukes,0.0000000666382"
"nulla,0.00000035178"
"nullo,0.0000000918076"
"nulls,0.0000000980613"
"nully,0.00000000102884"
"numbs,0.0000000357579"
"numen,0.0000000499656"
"nummy,0.00000000103263"
"numps,0.00000000074797"
"nunks,0.000000000656353"
"nunky,0.00000000110032"
"nunny,0.000000000822036"
"nunus,0.000000000457157"
"nuque,0.00000000238405"
"nurds,0.000000000619758"
"nurdy,0.000000000133572"
"nurls,0.000000000724698"
"nurrs,0.000000000120532"
"nurse,0.0000173705"
"nurts,0.000000000507644"
"nurtz,Missing[NotAvailable]"
"nused,0.00000000162935"
"nuses,0.00000000422748"
"nutso,0.0000000066278"
"nutsy,0.0000000025978"
"nutty,0.000000238618"
"nyaff,0.000000000839092"
"nyala,0.0000000106747"
"nyams,0.00000000304493"
"nying,0.0000000162411"
"nylon,0.00000214638"
"nymph,0.000000926001"
"nyong,0.00000000799575"
"nyssa,0.00000000279349"
"nyung,0.00000000175439"
"nyuse,Missing[NotAvailable]"
"nyuze,Missing[NotAvailable]"
"oafos,Missing[NotAvailable]"
"oaked,0.0000000119185"
"oaken,0.00000032122"
"oaker,0.00000000120954"
"oakum,0.000000143946"
"oared,0.0000000915862"
"oarer,0.00000000107548"
"oasal,0.000000000357992"
"oases,0.000000567878"
"oasis,0.000000940972"
"oasts,0.00000000734967"
"oaten,0.0000000614439"
"oater,0.00000000656664"
"oaths,0.00000320201"
"oaves,0.00000000325962"
"obang,0.000000000441309"
"obbos,0.000000000108706"
"obeah,0.0000000404673"
"obeli,0.00000000354585"
"obese,0.00000155178"
"obeys,0.000000873083"
"obias,0.00000000141794"
"obied,0.000000000299943"
"obiit,0.0000000564052"
"obits,0.0000000440503"
"objet,0.000000121581"
"oboes,0.000000151655"
"obole,0.00000000243509"
"oboli,0.0000000130384"
"obols,0.0000000384909"
"occam,0.0000000194717"
"occur,0.0000738941"
"ocean,0.0000214295"
"ocher,0.000000180691"
"oches,0.000000000975419"
"ochre,0.000000653516"
"ochry,0.00000000504861"
"ocker,0.00000000752"
"ocote,0.00000000388384"
"ocrea,0.00000000458239"
"octad,0.00000000511427"
"octal,0.000000159724"
"octan,0.0000000098903"
"octas,0.00000000208429"
"octet,0.000000238979"
"octic,0.00000000391128"
"octli,0.00000000276534"
"octyl,0.000000118278"
"oculi,0.00000013843"
"odahs,0.000000000189381"
"odals,0.00000000035105"
"odder,0.0000000860745"
"oddly,0.00000164549"
"odeon,0.00000000434338"
"odeum,0.00000000554689"
"odism,0.00000000138007"
"odist,0.0000000103667"
"odium,0.000000512671"
"odoom,0.000000000159343"
"odors,0.00000163982"
"odour,0.00000194735"
"odums,Missing[NotAvailable]"
"odyle,0.00000000254658"
"odyls,Missing[NotAvailable]"
"ofays,0.00000000244874"
"offal,0.000000526588"
"offed,0.0000000169173"
"offer,0.0000710663"
"offie,0.00000000368552"
"oflag,0.00000000139451"
"often,0.000236717"
"ofter,0.0000000846556"
"ofuro,0.0000000025127"
"ogams,0.000000001701"
"ogeed,0.00000000120985"
"ogees,0.00000000509708"
"oggin,0.00000000106287"
"ogham,0.000000015755"
"ogive,0.0000000680356"
"ogled,0.0000000523304"
"ogler,0.00000000229949"
"ogles,0.000000014763"
"ogmic,0.000000000405497"
"ogres,0.00000011025"
"ohelo,0.00000000314474"
"ohias,0.00000000117996"
"ohing,0.00000000158954"
"ohmic,0.000000433724"
"ohone,0.00000000188609"
"oicks,0.000000000218832"
"oidia,0.000000011019"
"oiled,0.00000112746"
"oiler,0.000000247197"
"oilet,0.00000000255305"
"oinks,0.00000000234887"
"oints,0.0000000805357"
"oiran,0.00000000272591"
"ojime,0.00000000337644"
"okapi,0.0000000263176"
"okays,0.0000000145241"
"okehs,0.000000000380994"
"okies,0.0000000012304"
"oking,0.0000000145586"
"okole,0.00000000102774"
"okras,0.00000000353417"
"okrug,0.000000028829"
"oktas,0.0000000075088"
"olate,0.0000000139611"
"olden,0.000000959142"
"older,0.0000477047"
"oldie,0.000000025604"
"oldly,0.00000000171615"
"olehs,Missing[NotAvailable]"
"oleic,0.000000518482"
"olein,0.0000000552577"
"olent,0.00000000786344"
"oleos,0.00000000300647"
"oleum,0.000000109893"
"oleyl,0.0000000235274"
"oligo,0.000000163787"
"olios,0.0000000050775"
"oliva,0.0000000135268"
"olive,0.00000740907"
"ollas,0.0000000310881"
"ollav,0.000000001123"
"oller,0.0000000168104"
"ollie,0.00000000946079"
"ology,0.000000164858"
"olona,0.00000000764693"
"olpae,0.000000000273484"
"olpes,0.000000000214103"
"omasa,0.00000000109717"
"omber,0.00000000259671"
"ombre,0.0000000800015"
"ombus,0.000000000540894"
"omdah,0.000000000653664"
"omdas,0.00000000132791"
"omdda,Missing[NotAvailable]"
"omdeh,0.00000000143226"
"omees,0.000000000551874"
"omega,0.000000651078"
"omens,0.00000056578"
"omers,0.0000000125065"
"omiai,0.00000000267258"
"omits,0.0000014334"
"omlah,0.00000000143769"
"ommel,0.000000000490613"
"ommin,0.000000000624479"
"omnes,0.000000568754"
"omovs,Missing[NotAvailable]"
"omrah,0.00000000193576"
"omuls,0.000000000691753"
"oncer,0.00000000927445"
"onces,0.0000000116675"
"oncet,0.0000000177803"
"oncus,0.000000000735066"
"ondes,0.0000000283101"
"ondol,0.00000000486399"
"onely,0.0000007513"
"oners,0.0000000639585"
"onery,0.00000000570738"
"ongon,0.00000000326526"
"onion,0.00000404419"
"onium,0.0000000360516"
"onkus,0.000000000161327"
"onlap,0.0000000461446"
"onlay,0.0000000347103"
"onmun,0.000000000731948"
"onned,0.00000000109167"
"onsen,0.0000000173007"
"onset,0.0000102177"
"ontal,0.00000000631006"
"ontic,0.000000108894"
"ooaas,0.000000000096991"
"oobit,0.000000000241525"
"oohed,0.0000000218562"
"ooids,0.0000000560198"
"oojah,0.000000000338463"
"oomph,0.000000043395"
"oonts,0.000000000904973"
"oopak,0.000000000124902"
"ooped,0.000000000752942"
"oopsy,0.000000000603927"
"oorie,0.000000000374644"
"ooses,0.00000000149497"
"ootid,0.00000000309096"
"ooyah,Missing[NotAvailable]"
"oozed,0.00000031466"
"oozes,0.000000220508"
"oozie,0.00000000207883"
"oozle,0.000000000280073"
"opahs,0.000000000435673"
"opals,0.0000000970982"
"opens,0.0000110755"
"opepe,0.0000000013294"
"opera,0.000009255"
"opery,0.00000000433129"
"opgaf,Missing[NotAvailable]"
"opihi,0.00000000418729"
"opine,0.000000159622"
"oping,0.000000078987"
"opium,0.00000437558"
"oppos,0.0000000320034"
"opsat,0.000000000221172"
"opsin,0.0000000722677"
"opsit,0.00000000105798"
"opted,0.0000018366"
"opter,0.00000000503561"
"optic,0.00000476232"
"opzit,Missing[NotAvailable]"
"orach,0.00000000869182"
"oracy,0.0000000156057"
"orals,0.0000000373587"
"orang,0.000000224028"
"orans,0.0000000100906"
"orant,0.0000000128694"
"orate,0.0000000723897"
"orbat,0.000000000750492"
"orbed,0.0000000586341"
"orbic,0.00000000437416"
"orbit,0.00000809967"
"orcas,0.0000000351582"
"orcin,0.0000000109607"
"order,0.000391005"
"ordie,0.00000000258322"
"ordos,0.0000000025686"
"oread,0.00000000578114"
"orfes,0.000000000332688"
"orful,0.0000000101484"
"organ,0.0000177821"
"orgia,0.0000000095282"
"orgic,0.000000000531016"
"orgue,0.0000000224444"
"oribi,0.0000000102998"
"oriel,0.0000000937251"
"origo,0.0000000570113"
"orixa,0.00000000268892"
"orles,0.00000000149324"
"orlon,0.0000000149844"
"orlop,0.0000000285772"
"ormer,0.0000000474537"
"ornee,0.00000000574448"
"ornis,0.00000000624955"
"orped,0.000000000507584"
"orpin,0.0000000018693"
"orris,0.0000000813886"
"ortet,0.00000000370499"
"ortho,0.000000759533"
"orval,0.00000000139481"
"orzos,0.000000000117064"
"osars,0.00000000384143"
"oscar,0.0000000357177"
"osetr,0.00000000112576"
"oseys,Missing[NotAvailable]"
"oshac,0.000000000143383"
"osier,0.000000121132"
"oskin,0.000000000301243"
"oslin,0.00000000338625"
"osmic,0.000000117827"
"osmol,0.00000000786927"
"osone,0.00000000316554"
"ossia,0.0000000176673"
"ostia,0.0000000821451"
"otaku,0.0000000294442"
"otary,0.0000000049585"
"other,0.00139559"
